Condition Code,Description
code_41625_E,code_41452code_41452
code_S3R1R,code_S3R1Rcode_S3R1R
code_9R1R3,code_9R1R3code_9R1R3
code_R5598,code_R5598code_R5598
code_6S21S,code_6S21Scode_6S21S
code_68161,code_68161code_68161
code_87864,code_87864code_87864
code_S2R25,code_S2R25code_S2R25
salman test code test code salman test code test code salman test code test code salman test code test code salman test code test code salman test code test code salman test code test code salman test code test code salman test code test code salman test code test code salman test code test code salman test code test code salman test code test code salman test code test code salman test code test code salman test code test code salman test code test code salman test code test code salman test code test code,dfsfd
salman test code,dfsfd
test code 1test code 1test code 1test code 1test code 1test code 1test code 1test code 1test code 1test code 1test code 1test code 1test code 1test code 1test code 1test code 1test code 1test code 1test code 1test code 1test code 1test code 1test code 1test code 1test code 1test code 1test code 1test code 1,dfsfd
Salman code 2 m,test
new5,new5
new4,new4
new3,new3
new,code
salman code 1,This is a test code with test name
salman code 2,This is a test code with test name
test code 4,test code 4 description
test code 3,this is multiline description for test code 3 and we belive that it will work fine
test code 2,test code 2 description
test code 1,test code 1 description
